{
  "_comment" : "Created with OWL2VOWL (version 0.3.5), http://vowl.visualdataweb.org",
  "header" : {
    "languages" : [ "undefined" ],
    "baseIris" : [ "http://www.w3.org/2002/07/owl", "http://www.w3.org/2000/01/rdf-schema", "http://www.semanticweb.org/lisa/ontologies/2019/7/rap", "http://purl.org/ontology/mo", "http://www.w3.org/2001/XMLSchema", "http://dbpedia.org/ontology", "http://xmlns.com/foaf/0.1", "http://purl.org/dc/elements/1.1" ],
    "iri" : "http://www.semanticweb.org/lisa/ontologies/2019/7/rap"
  },
  "namespace" : [ ],
  "class" : [ {
    "id" : "22",
    "type" : "owl:Class"
  }, {
    "id" : "27",
    "type" : "owl:Class"
  }, {
    "id" : "17",
    "type" : "owl:Class"
  }, {
    "id" : "26",
    "type" : "owl:Class"
  }, {
    "id" : "25",
    "type" : "owl:Class"
  }, {
    "id" : "10",
    "type" : "owl:Class"
  }, {
    "id" : "54",
    "type" : "owl:Class"
  }, {
    "id" : "1",
    "type" : "owl:Class"
  }, {
    "id" : "60",
    "type" : "owl:Class"
  }, {
    "id" : "63",
    "type" : "owl:Class"
  }, {
    "id" : "23",
    "type" : "owl:Class"
  }, {
    "id" : "8",
    "type" : "owl:Class"
  }, {
    "id" : "69",
    "type" : "owl:Class"
  }, {
    "id" : "74",
    "type" : "owl:Class"
  }, {
    "id" : "29",
    "type" : "owl:Class"
  }, {
    "id" : "15",
    "type" : "owl:Class"
  }, {
    "id" : "11",
    "type" : "owl:Class"
  }, {
    "id" : "119",
    "type" : "owl:Class"
  }, {
    "id" : "127",
    "type" : "owl:Class"
  }, {
    "id" : "33",
    "type" : "owl:Class"
  }, {
    "id" : "76",
    "type" : "owl:Class"
  }, {
    "id" : "24",
    "type" : "owl:Class"
  }, {
    "id" : "182",
    "type" : "rdfs:Datatype"
  }, {
    "id" : "184",
    "type" : "rdfs:Datatype"
  }, {
    "id" : "186",
    "type" : "owl:unionOf"
  }, {
    "id" : "188",
    "type" : "rdfs:Datatype"
  }, {
    "id" : "190",
    "type" : "rdfs:Datatype"
  }, {
    "id" : "6",
    "type" : "owl:Class"
  }, {
    "id" : "50",
    "type" : "rdfs:Datatype"
  }, {
    "id" : "13",
    "type" : "owl:Class"
  }, {
    "id" : "19",
    "type" : "owl:Thing"
  }, {
    "id" : "20",
    "type" : "rdfs:Literal"
  }, {
    "id" : "68",
    "type" : "owl:unionOf"
  }, {
    "id" : "46",
    "type" : "owl:unionOf"
  }, {
    "id" : "57",
    "type" : "owl:unionOf"
  }, {
    "id" : "30",
    "type" : "owl:Class"
  }, {
    "id" : "170",
    "type" : "owl:Class"
  }, {
    "id" : "131",
    "type" : "owl:Class"
  }, {
    "id" : "205",
    "type" : "owl:unionOf"
  }, {
    "id" : "207",
    "type" : "owl:unionOf"
  }, {
    "id" : "197",
    "type" : "owl:unionOf"
  }, {
    "id" : "121",
    "type" : "owl:unionOf"
  }, {
    "id" : "90",
    "type" : "owl:unionOf"
  }, {
    "id" : "102",
    "type" : "owl:Class"
  }, {
    "id" : "4",
    "type" : "owl:Class"
  }, {
    "id" : "56",
    "type" : "owl:Class"
  }, {
    "id" : "168",
    "type" : "owl:Class"
  }, {
    "id" : "2",
    "type" : "owl:Class"
  }, {
    "id" : "35",
    "type" : "owl:Class"
  }, {
    "id" : "44",
    "type" : "owl:Class"
  }, {
    "id" : "161",
    "type" : "owl:Class"
  } ],
  "classAttribute" : [ {
    "iri" : "http://www.semanticweb.org/lisa/ontologies/2019/7/rap#Sentiment",
    "baseIri" : "http://www.semanticweb.org/lisa/ontologies/2019/7/rap",
    "instances" : 0,
    "annotations" : {
      "definition" : [ {
        "identifier" : "definition",
        "language" : "undefined",
        "value" : "The sentiment of a piece of text is its positivity or negativity, and sentiment analysis gives an objective idea of whether the text uses mostly positive, negative, or neutral language.",
        "type" : "label"
      } ]
    },
    "label" : {
      "IRI-based" : "Sentiment",
      "undefined" : "Sentiment"
    },
    "subClasses" : [ "23", "24", "25", "26" ],
    "id" : "22"
  }, {
    "iri" : "http://www.semanticweb.org/lisa/ontologies/2019/7/rap#Car",
    "baseIri" : "http://www.semanticweb.org/lisa/ontologies/2019/7/rap",
    "instances" : 0,
    "annotations" : {
      "definition" : [ {
        "identifier" : "definition",
        "language" : "undefined",
        "value" : "a road vehicle.",
        "type" : "label"
      } ]
    },
    "label" : {
      "IRI-based" : "Car",
      "undefined" : "Car"
    },
    "individuals" : [ {
      "iri" : "http://www.semanticweb.org/lisa/ontologies/2019/7/rap#BMW",
      "baseIri" : "http://www.semanticweb.org/lisa/ontologies/2019/7/rap",
      "labels" : {
        "IRI-based" : "BMW"
      }
    }, {
      "iri" : "http://www.semanticweb.org/lisa/ontologies/2019/7/rap#Beamer",
      "baseIri" : "http://www.semanticweb.org/lisa/ontologies/2019/7/rap",
      "labels" : {
        "IRI-based" : "Beamer"
      }
    } ],
    "id" : "27"
  }, {
    "iri" : "http://www.semanticweb.org/lisa/ontologies/2019/7/rap#Simile",
    "baseIri" : "http://www.semanticweb.org/lisa/ontologies/2019/7/rap",
    "instances" : 0,
    "annotations" : {
      "definition" : [ {
        "identifier" : "definition",
        "language" : "undefined",
        "value" : "A simile is where one thing is compared to another to help with describing something.",
        "type" : "label"
      } ]
    },
    "label" : {
      "IRI-based" : "Simile",
      "undefined" : "Similie"
    },
    "id" : "17",
    "superClasses" : [ "44" ]
  }, {
    "iri" : "http://www.semanticweb.org/lisa/ontologies/2019/7/rap#Positive",
    "baseIri" : "http://www.semanticweb.org/lisa/ontologies/2019/7/rap",
    "instances" : 0,
    "label" : {
      "IRI-based" : "Positive",
      "undefined" : "Positive"
    },
    "individuals" : [ {
      "iri" : "http://www.semanticweb.org/lisa/ontologies/2019/7/rap#6.1",
      "baseIri" : "http://www.semanticweb.org/lisa/ontologies/2019/7/rap",
      "labels" : {
        "IRI-based" : "6.1"
      }
    } ],
    "comment" : {
      "undefined" : "positive according to VADER Sentiment analysis."
    },
    "id" : "26",
    "superClasses" : [ "22" ]
  }, {
    "iri" : "http://www.semanticweb.org/lisa/ontologies/2019/7/rap#Negative",
    "baseIri" : "http://www.semanticweb.org/lisa/ontologies/2019/7/rap",
    "instances" : 0,
    "label" : {
      "IRI-based" : "Negative",
      "undefined" : "Negative"
    },
    "individuals" : [ {
      "iri" : "http://www.semanticweb.org/lisa/ontologies/2019/7/rap#19.2",
      "baseIri" : "http://www.semanticweb.org/lisa/ontologies/2019/7/rap",
      "labels" : {
        "IRI-based" : "19.2"
      }
    } ],
    "comment" : {
      "undefined" : "negative according to VADER Sentiment analysis."
    },
    "id" : "25",
    "superClasses" : [ "22" ]
  }, {
    "iri" : "http://www.semanticweb.org/lisa/ontologies/2019/7/rap#Pangrammatic",
    "baseIri" : "http://www.semanticweb.org/lisa/ontologies/2019/7/rap",
    "instances" : 0,
    "annotations" : {
      "definition" : [ {
        "identifier" : "definition",
        "language" : "undefined",
        "value" : "A sentence (or verse, or song) that includes all the letters of the alphabet. Like palindromes, they’re hard to find in songs.",
        "type" : "label"
      } ]
    },
    "label" : {
      "IRI-based" : "Pangrammatic",
      "undefined" : "Pangrammatic"
    },
    "id" : "10",
    "superClasses" : [ "44" ]
  }, {
    "iri" : "http://www.semanticweb.org/lisa/ontologies/2019/7/rap#Lyrics",
    "baseIri" : "http://www.semanticweb.org/lisa/ontologies/2019/7/rap",
    "instances" : 0,
    "annotations" : {
      "definition" : [ {
        "identifier" : "definition",
        "language" : "undefined",
        "value" : "Associates lyrics with a musical work",
        "type" : "label"
      } ]
    },
    "label" : {
      "IRI-based" : "Lyrics",
      "undefined" : "Lyrics"
    },
    "individuals" : [ {
      "iri" : "http://www.semanticweb.org/lisa/ontologies/2019/7/rap#let_the_beat_drop_lyric",
      "baseIri" : "http://www.semanticweb.org/lisa/ontologies/2019/7/rap",
      "labels" : {
        "IRI-based" : "let_the_beat_drop_lyric"
      }
    }, {
      "iri" : "http://www.semanticweb.org/lisa/ontologies/2019/7/rap#freaky_girl_lyric",
      "baseIri" : "http://www.semanticweb.org/lisa/ontologies/2019/7/rap",
      "labels" : {
        "IRI-based" : "freaky_girl_lyric"
      }
    } ],
    "id" : "54"
  }, {
    "iri" : "http://www.semanticweb.org/lisa/ontologies/2019/7/rap#Palindrom",
    "baseIri" : "http://www.semanticweb.org/lisa/ontologies/2019/7/rap",
    "instances" : 0,
    "annotations" : {
      "definition" : [ {
        "identifier" : "definition",
        "language" : "undefined",
        "value" : "A word or phrase spelled the same backwards or forwards.",
        "type" : "label"
      } ]
    },
    "label" : {
      "IRI-based" : "Palindrom",
      "undefined" : "Palindrom"
    },
    "id" : "1",
    "superClasses" : [ "44" ]
  }, {
    "iri" : "http://www.semanticweb.org/lisa/ontologies/2019/7/rap#Imagery",
    "baseIri" : "http://www.semanticweb.org/lisa/ontologies/2019/7/rap",
    "instances" : 0,
    "annotations" : {
      "definition" : [ {
        "identifier" : "definition",
        "language" : "undefined",
        "value" : "Imagery is the literary term used for language and description that appeals to our five senses. When a music artist attempts to describe something so that it appeals to our sense of smell, sight, taste, touch, or hearing; he/she has used imagery.",
        "type" : "label"
      } ]
    },
    "label" : {
      "IRI-based" : "Imagery",
      "undefined" : "Imagery"
    },
    "id" : "60",
    "superClasses" : [ "44" ]
  }, {
    "iri" : "http://www.semanticweb.org/lisa/ontologies/2019/7/rap#Litote",
    "baseIri" : "http://www.semanticweb.org/lisa/ontologies/2019/7/rap",
    "instances" : 0,
    "annotations" : {
      "definition" : [ {
        "identifier" : "definition",
        "language" : "undefined",
        "value" : "Litotes are a figure of speech consisting of an understatement in which an affirmative is expressed via the negative of its contrary.",
        "type" : "label"
      } ]
    },
    "label" : {
      "IRI-based" : "Litote",
      "undefined" : "Litote"
    },
    "id" : "63",
    "superClasses" : [ "44" ]
  }, {
    "iri" : "http://www.semanticweb.org/lisa/ontologies/2019/7/rap#Compound",
    "baseIri" : "http://www.semanticweb.org/lisa/ontologies/2019/7/rap",
    "instances" : 0,
    "label" : {
      "IRI-based" : "Compound",
      "undefined" : "Compound"
    },
    "individuals" : [ {
      "iri" : "http://www.semanticweb.org/lisa/ontologies/2019/7/rap#99.8",
      "baseIri" : "http://www.semanticweb.org/lisa/ontologies/2019/7/rap",
      "labels" : {
        "IRI-based" : "99.8"
      }
    } ],
    "comment" : {
      "undefined" : "compound according to VADER Sentiment analysis."
    },
    "id" : "23",
    "superClasses" : [ "22" ]
  }, {
    "iri" : "http://www.semanticweb.org/lisa/ontologies/2019/7/rap#Zeugma",
    "baseIri" : "http://www.semanticweb.org/lisa/ontologies/2019/7/rap",
    "instances" : 0,
    "annotations" : {
      "definition" : [ {
        "identifier" : "definition",
        "language" : "undefined",
        "value" : "Tmesis involves the separation of the parts of compound word by intervening words.",
        "type" : "label"
      } ]
    },
    "label" : {
      "IRI-based" : "Zeugma",
      "undefined" : "Zeugma"
    },
    "individuals" : [ {
      "iri" : "http://www.semanticweb.org/lisa/ontologies/2019/7/rap#She_broke_my_heart_and_my_bank_account",
      "baseIri" : "http://www.semanticweb.org/lisa/ontologies/2019/7/rap",
      "labels" : {
        "IRI-based" : "She_broke_my_heart_and_my_bank_account"
      }
    } ],
    "id" : "8",
    "superClasses" : [ "44" ]
  }, {
    "iri" : "http://www.semanticweb.org/lisa/ontologies/2019/7/rap#Music_Artist",
    "baseIri" : "http://www.semanticweb.org/lisa/ontologies/2019/7/rap",
    "instances" : 0,
    "annotations" : {
      "definition" : [ {
        "identifier" : "definition",
        "language" : "undefined",
        "value" : "A person or a group of people (or a computer :-) ), whose musical creative work shows sensitivity and imagination.",
        "type" : "label"
      } ]
    },
    "label" : {
      "IRI-based" : "Music_Artist",
      "undefined" : "Music_Artist"
    },
    "individuals" : [ {
      "iri" : "http://www.semanticweb.org/lisa/ontologies/2019/7/rap#Swizz_Beatz",
      "baseIri" : "http://www.semanticweb.org/lisa/ontologies/2019/7/rap",
      "labels" : {
        "IRI-based" : "Swizz_Beatz"
      }
    }, {
      "iri" : "http://www.semanticweb.org/lisa/ontologies/2019/7/rap#Travis_Poter",
      "baseIri" : "http://www.semanticweb.org/lisa/ontologies/2019/7/rap",
      "labels" : {
        "IRI-based" : "Travis_Poter"
      }
    } ],
    "id" : "69",
    "superClasses" : [ "30" ]
  }, {
    "iri" : "http://www.semanticweb.org/lisa/ontologies/2019/7/rap#Topic",
    "baseIri" : "http://www.semanticweb.org/lisa/ontologies/2019/7/rap",
    "instances" : 0,
    "annotations" : {
      "definition" : [ {
        "identifier" : "definition",
        "language" : "undefined",
        "value" : "Thing or concept that is being discussed, described, or dealt with.",
        "type" : "label"
      } ]
    },
    "label" : {
      "IRI-based" : "Topic",
      "undefined" : "Topic"
    },
    "individuals" : [ {
      "iri" : "http://www.semanticweb.org/lisa/ontologies/2019/7/rap#Lifestyle",
      "baseIri" : "http://www.semanticweb.org/lisa/ontologies/2019/7/rap",
      "labels" : {
        "IRI-based" : "Lifestyle"
      }
    }, {
      "iri" : "http://www.semanticweb.org/lisa/ontologies/2019/7/rap#Girl",
      "baseIri" : "http://www.semanticweb.org/lisa/ontologies/2019/7/rap",
      "labels" : {
        "IRI-based" : "Girl"
      }
    }, {
      "iri" : "http://www.semanticweb.org/lisa/ontologies/2019/7/rap#Love",
      "baseIri" : "http://www.semanticweb.org/lisa/ontologies/2019/7/rap",
      "labels" : {
        "IRI-based" : "Love"
      }
    } ],
    "id" : "74"
  }, {
    "iri" : "http://www.semanticweb.org/lisa/ontologies/2019/7/rap#Musical_Work",
    "baseIri" : "http://www.semanticweb.org/lisa/ontologies/2019/7/rap",
    "instances" : 0,
    "annotations" : {
      "definition" : [ {
        "identifier" : "definition",
        "language" : "undefined",
        "value" : "Distinct intellectual or artistic musical creation.",
        "type" : "label"
      } ]
    },
    "label" : {
      "IRI-based" : "Musical_Work",
      "undefined" : "Musical_Work"
    },
    "individuals" : [ {
      "iri" : "http://www.semanticweb.org/lisa/ontologies/2019/7/rap#Freaky_Girl",
      "baseIri" : "http://www.semanticweb.org/lisa/ontologies/2019/7/rap",
      "comment" : {
        "undefined" : "a public figure."
      },
      "labels" : {
        "IRI-based" : "Freaky_Girl",
        "undefined" : "Public_Figure"
      }
    } ],
    "id" : "29"
  }, {
    "iri" : "http://www.semanticweb.org/lisa/ontologies/2019/7/rap#Portmanteau",
    "baseIri" : "http://www.semanticweb.org/lisa/ontologies/2019/7/rap",
    "instances" : 0,
    "annotations" : {
      "definition" : [ {
        "identifier" : "definition",
        "language" : "undefined",
        "value" : "Portmanteau is simply a blending of two or more words(including their sounds and meanings) into a singular new word.",
        "type" : "label"
      } ]
    },
    "label" : {
      "IRI-based" : "Portmanteau",
      "undefined" : "Portmanteau"
    },
    "id" : "15",
    "superClasses" : [ "44" ]
  }, {
    "iri" : "http://www.semanticweb.org/lisa/ontologies/2019/7/rap#Pleonasm",
    "baseIri" : "http://www.semanticweb.org/lisa/ontologies/2019/7/rap",
    "instances" : 0,
    "annotations" : {
      "definition" : [ {
        "identifier" : "definition",
        "language" : "undefined",
        "value" : "Pleonasm is a rhetorical device where one or more redundant words are used consecutively in a phrase to express an idea.",
        "type" : "label"
      } ]
    },
    "label" : {
      "IRI-based" : "Pleonasm",
      "undefined" : "Pleonasm"
    },
    "id" : "11",
    "superClasses" : [ "44" ]
  }, {
    "iri" : "http://purl.org/ontology/mo/Genre",
    "baseIri" : "http://purl.org/ontology/mo",
    "instances" : 0,
    "annotations" : {
      "definition" : [ {
        "identifier" : "definition",
        "language" : "undefined",
        "value" : "An expressive style of music.",
        "type" : "label"
      } ]
    },
    "label" : {
      "IRI-based" : "Genre",
      "undefined" : "Genre"
    },
    "individuals" : [ {
      "iri" : "http://www.semanticweb.org/lisa/ontologies/2019/7/rap#Rap",
      "baseIri" : "http://www.semanticweb.org/lisa/ontologies/2019/7/rap",
      "labels" : {
        "IRI-based" : "Rap"
      }
    } ],
    "attributes" : [ "external" ],
    "id" : "119"
  }, {
    "iri" : "http://www.semanticweb.org/lisa/ontologies/2019/7/rap#Public_Figure",
    "baseIri" : "http://www.semanticweb.org/lisa/ontologies/2019/7/rap",
    "instances" : 0,
    "label" : {
      "IRI-based" : "Public_Figure"
    },
    "id" : "127",
    "superClasses" : [ "30" ]
  }, {
    "iri" : "http://www.semanticweb.org/lisa/ontologies/2019/7/rap#Spoonerism",
    "baseIri" : "http://www.semanticweb.org/lisa/ontologies/2019/7/rap",
    "instances" : 0,
    "annotations" : {
      "definition" : [ {
        "identifier" : "definition",
        "language" : "undefined",
        "value" : "A spoonerism is a play on words in which the sounds of two or more words are transposed.",
        "type" : "label"
      } ]
    },
    "label" : {
      "IRI-based" : "Spoonerism",
      "undefined" : "Spoonerism"
    },
    "id" : "33",
    "superClasses" : [ "44" ]
  }, {
    "iri" : "http://www.semanticweb.org/lisa/ontologies/2019/7/rap#Album",
    "baseIri" : "http://www.semanticweb.org/lisa/ontologies/2019/7/rap",
    "instances" : 0,
    "annotations" : {
      "definition" : [ {
        "identifier" : "definition",
        "language" : "undefined",
        "value" : "An album is a collection of audio recordings issued as a collection on compact disc (CD), vinyl, audio tape, or another medium.",
        "type" : "label"
      } ]
    },
    "label" : {
      "IRI-based" : "Album",
      "undefined" : "Album"
    },
    "individuals" : [ {
      "iri" : "http://www.semanticweb.org/lisa/ontologies/2019/7/rap#Differenter_3",
      "baseIri" : "http://www.semanticweb.org/lisa/ontologies/2019/7/rap",
      "labels" : {
        "IRI-based" : "Differenter_3"
      }
    }, {
      "iri" : "http://www.semanticweb.org/lisa/ontologies/2019/7/rap#Coolaid",
      "baseIri" : "http://www.semanticweb.org/lisa/ontologies/2019/7/rap",
      "labels" : {
        "IRI-based" : "Coolaid"
      }
    } ],
    "id" : "76"
  }, {
    "iri" : "http://www.semanticweb.org/lisa/ontologies/2019/7/rap#Neutral",
    "baseIri" : "http://www.semanticweb.org/lisa/ontologies/2019/7/rap",
    "instances" : 0,
    "label" : {
      "IRI-based" : "Neutral",
      "undefined" : "Neutral"
    },
    "individuals" : [ {
      "iri" : "http://www.semanticweb.org/lisa/ontologies/2019/7/rap#74.7",
      "baseIri" : "http://www.semanticweb.org/lisa/ontologies/2019/7/rap",
      "labels" : {
        "IRI-based" : "74.7"
      }
    } ],
    "comment" : {
      "undefined" : "neutral according to VADER Sentiment analysis."
    },
    "id" : "24",
    "superClasses" : [ "22" ]
  }, {
    "iri" : "http://www.w3.org/2001/XMLSchema#string",
    "baseIri" : "http://www.w3.org/2001/XMLSchema",
    "id" : "182",
    "label" : {
      "IRI-based" : "string"
    }
  }, {
    "iri" : "http://www.w3.org/2001/XMLSchema#int",
    "baseIri" : "http://www.w3.org/2001/XMLSchema",
    "id" : "184",
    "label" : {
      "IRI-based" : "int"
    }
  }, {
    "instances" : 0,
    "union" : [ "29", "76" ],
    "attributes" : [ "union", "anonymous" ],
    "id" : "186"
  }, {
    "iri" : "http://www.w3.org/2001/XMLSchema#string",
    "baseIri" : "http://www.w3.org/2001/XMLSchema",
    "id" : "188",
    "label" : {
      "IRI-based" : "string"
    }
  }, {
    "iri" : "http://www.w3.org/2001/XMLSchema#string",
    "baseIri" : "http://www.w3.org/2001/XMLSchema",
    "id" : "190",
    "label" : {
      "IRI-based" : "string"
    }
  }, {
    "iri" : "http://www.semanticweb.org/lisa/ontologies/2019/7/rap#Tmesis",
    "baseIri" : "http://www.semanticweb.org/lisa/ontologies/2019/7/rap",
    "instances" : 0,
    "annotations" : {
      "definition" : [ {
        "identifier" : "definition",
        "language" : "undefined",
        "value" : "Tmesis involves the separation of the parts of compound word by intervening words.",
        "type" : "label"
      } ]
    },
    "label" : {
      "IRI-based" : "Tmesis",
      "undefined" : "Tmesis"
    },
    "id" : "6",
    "superClasses" : [ "44" ]
  }, {
    "iri" : "http://www.w3.org/2001/XMLSchema#string",
    "baseIri" : "http://www.w3.org/2001/XMLSchema",
    "id" : "50",
    "label" : {
      "IRI-based" : "string"
    }
  }, {
    "iri" : "http://www.semanticweb.org/lisa/ontologies/2019/7/rap#Polysyndeton",
    "baseIri" : "http://www.semanticweb.org/lisa/ontologies/2019/7/rap",
    "instances" : 0,
    "annotations" : {
      "definition" : [ {
        "identifier" : "definition",
        "language" : "undefined",
        "value" : "Creating a list by adding a conjunction in between all the terms on the list. The opposite of asyndeton.",
        "type" : "label"
      } ]
    },
    "label" : {
      "IRI-based" : "Polysyndeton",
      "undefined" : "Polysyndeton"
    },
    "id" : "13",
    "superClasses" : [ "44" ]
  }, {
    "iri" : "http://www.w3.org/2002/07/owl#Thing",
    "baseIri" : "http://owl2vowl.de",
    "id" : "19",
    "label" : {
      "undefined" : "Thing"
    }
  }, {
    "iri" : "http://www.w3.org/2000/01/rdf-schema#Literal",
    "id" : "20",
    "label" : {
      "IRI-based" : "Literal",
      "undefined" : "Literal"
    }
  }, {
    "instances" : 0,
    "union" : [ "30", "102", "27", "74" ],
    "attributes" : [ "union", "anonymous" ],
    "id" : "68"
  }, {
    "instances" : 0,
    "union" : [ "30", "102", "27", "74" ],
    "attributes" : [ "union", "anonymous" ],
    "id" : "46"
  }, {
    "instances" : 0,
    "union" : [ "27", "29", "76" ],
    "attributes" : [ "union", "anonymous" ],
    "id" : "57"
  }, {
    "iri" : "http://www.semanticweb.org/lisa/ontologies/2019/7/rap#Person",
    "baseIri" : "http://www.semanticweb.org/lisa/ontologies/2019/7/rap",
    "instances" : 0,
    "annotations" : {
      "definition" : [ {
        "identifier" : "definition",
        "language" : "undefined",
        "value" : "A person (alive, dead, undead, or fictional).",
        "type" : "label"
      } ]
    },
    "label" : {
      "IRI-based" : "Person",
      "undefined" : "Person"
    },
    "subClasses" : [ "161", "69", "127" ],
    "id" : "30"
  }, {
    "iri" : "http://www.semanticweb.org/lisa/ontologies/2019/7/rap#Country",
    "baseIri" : "http://www.semanticweb.org/lisa/ontologies/2019/7/rap",
    "instances" : 0,
    "label" : {
      "IRI-based" : "Country",
      "undefined" : "Country"
    },
    "individuals" : [ {
      "iri" : "http://www.semanticweb.org/lisa/ontologies/2019/7/rap#USA",
      "baseIri" : "http://www.semanticweb.org/lisa/ontologies/2019/7/rap",
      "labels" : {
        "IRI-based" : "USA"
      }
    } ],
    "comment" : {
      "undefined" : "The country where the thing is located."
    },
    "id" : "170",
    "superClasses" : [ "102" ]
  }, {
    "iri" : "http://www.semanticweb.org/lisa/ontologies/2019/7/rap#Irony",
    "baseIri" : "http://www.semanticweb.org/lisa/ontologies/2019/7/rap",
    "instances" : 0,
    "annotations" : {
      "definition" : [ {
        "identifier" : "definition",
        "language" : "undefined",
        "value" : "The use of irony in literature refers to playing around with words such that the meaning implied by a sentence or word is actually different from the literal meaning. Often irony is used to suggest the stark contrast of the literal meaning being put forth. The deeper, real layer of significance is revealed not by the words themselves but the situation and the context in which they are placed.",
        "type" : "label"
      } ]
    },
    "label" : {
      "IRI-based" : "Irony",
      "undefined" : "Irony"
    },
    "id" : "131",
    "superClasses" : [ "44" ]
  }, {
    "instances" : 0,
    "union" : [ "30", "29", "76" ],
    "attributes" : [ "union", "anonymous" ],
    "id" : "205"
  }, {
    "instances" : 0,
    "union" : [ "30", "102", "27", "74" ],
    "attributes" : [ "union", "anonymous" ],
    "id" : "207"
  }, {
    "instances" : 0,
    "union" : [ "27", "29", "76" ],
    "attributes" : [ "union", "anonymous" ],
    "id" : "197"
  }, {
    "instances" : 0,
    "union" : [ "30", "29", "76" ],
    "attributes" : [ "union", "anonymous" ],
    "id" : "121"
  }, {
    "instances" : 0,
    "union" : [ "30", "102", "27", "74" ],
    "attributes" : [ "union", "anonymous" ],
    "id" : "90"
  }, {
    "iri" : "http://www.semanticweb.org/lisa/ontologies/2019/7/rap#Place",
    "baseIri" : "http://www.semanticweb.org/lisa/ontologies/2019/7/rap",
    "instances" : 0,
    "annotations" : {
      "definition" : [ {
        "identifier" : "definition",
        "language" : "undefined",
        "value" : "Immobile things or locations.",
        "type" : "label"
      } ]
    },
    "label" : {
      "IRI-based" : "Place",
      "undefined" : "Place"
    },
    "subClasses" : [ "168", "170" ],
    "id" : "102"
  }, {
    "iri" : "http://www.semanticweb.org/lisa/ontologies/2019/7/rap#Synesthesia",
    "baseIri" : "http://www.semanticweb.org/lisa/ontologies/2019/7/rap",
    "instances" : 0,
    "annotations" : {
      "definition" : [ {
        "identifier" : "definition",
        "language" : "undefined",
        "value" : "In literature, synesthesia refers to a technique adopted by writers to present ideas, characters, or places in such a manner that they appeal to more than one sense, like hearing, sight, smell, and touch at a given time.",
        "type" : "label"
      } ]
    },
    "label" : {
      "IRI-based" : "Synesthesia",
      "undefined" : "Synethesia"
    },
    "id" : "4",
    "superClasses" : [ "44" ]
  }, {
    "iri" : "http://www.semanticweb.org/lisa/ontologies/2019/7/rap#Release_date",
    "baseIri" : "http://www.semanticweb.org/lisa/ontologies/2019/7/rap",
    "instances" : 0,
    "annotations" : {
      "definition" : [ {
        "identifier" : "definition",
        "language" : "undefined",
        "value" : "Time-Spans are used to define the temporal extent of\ninstances in the ontology and any other phenomena valid for a certain time.",
        "type" : "label"
      } ]
    },
    "label" : {
      "IRI-based" : "Release_date",
      "undefined" : "Release_Date"
    },
    "individuals" : [ {
      "iri" : "http://www.semanticweb.org/lisa/ontologies/2019/7/rap#September_29_2011",
      "baseIri" : "http://www.semanticweb.org/lisa/ontologies/2019/7/rap",
      "labels" : {
        "IRI-based" : "September_29_2011"
      }
    }, {
      "iri" : "http://www.semanticweb.org/lisa/ontologies/2019/7/rap#July_1_2016",
      "baseIri" : "http://www.semanticweb.org/lisa/ontologies/2019/7/rap",
      "labels" : {
        "IRI-based" : "July_1_2016"
      }
    } ],
    "id" : "56"
  }, {
    "iri" : "http://www.semanticweb.org/lisa/ontologies/2019/7/rap#City",
    "baseIri" : "http://www.semanticweb.org/lisa/ontologies/2019/7/rap",
    "instances" : 0,
    "annotations" : {
      "definition" : [ {
        "identifier" : "definition",
        "language" : "undefined",
        "value" : "A relatively large and permanent settlement, particularly a large urban settlement",
        "type" : "label"
      } ]
    },
    "label" : {
      "IRI-based" : "City",
      "undefined" : "City"
    },
    "id" : "168",
    "superClasses" : [ "102" ]
  }, {
    "iri" : "http://www.semanticweb.org/lisa/ontologies/2019/7/rap#Synecdoche",
    "baseIri" : "http://www.semanticweb.org/lisa/ontologies/2019/7/rap",
    "instances" : 0,
    "annotations" : {
      "definition" : [ {
        "identifier" : "definition",
        "language" : "undefined",
        "value" : "When a part of something stands in for the whole thing OR the whole thing stands in for the part.",
        "type" : "label"
      } ]
    },
    "label" : {
      "IRI-based" : "Synecdoche",
      "undefined" : "Synecdoche"
    },
    "id" : "2",
    "superClasses" : [ "44" ]
  }, {
    "iri" : "http://www.semanticweb.org/lisa/ontologies/2019/7/rap#Metonymy",
    "baseIri" : "http://www.semanticweb.org/lisa/ontologies/2019/7/rap",
    "instances" : 0,
    "annotations" : {
      "definition" : [ {
        "identifier" : "definition",
        "language" : "undefined",
        "value" : "A metonymy is a word or phrase that is substituted for a more formal word or phrase to which it is related.",
        "type" : "label"
      } ]
    },
    "label" : {
      "IRI-based" : "Metonymy",
      "undefined" : "Metonomy"
    },
    "id" : "35",
    "superClasses" : [ "44" ]
  }, {
    "iri" : "http://www.semanticweb.org/lisa/ontologies/2019/7/rap#Literary_device",
    "baseIri" : "http://www.semanticweb.org/lisa/ontologies/2019/7/rap",
    "instances" : 0,
    "annotations" : {
      "definition" : [ {
        "identifier" : "definition",
        "language" : "undefined",
        "value" : "literary device is a technique a writer uses to produce a special effect in their writing.",
        "type" : "label"
      } ]
    },
    "label" : {
      "IRI-based" : "Literary_device",
      "undefined" : "Literary_Device"
    },
    "subClasses" : [ "11", "1", "17", "131", "8", "35", "60", "15", "4", "10", "2", "63", "6", "13", "33" ],
    "id" : "44"
  }, {
    "iri" : "http://www.semanticweb.org/lisa/ontologies/2019/7/rap#Music_Group",
    "baseIri" : "http://www.semanticweb.org/lisa/ontologies/2019/7/rap",
    "instances" : 0,
    "annotations" : {
      "definition" : [ {
        "identifier" : "definition",
        "language" : "undefined",
        "value" : "Group of musicians, or musical ensemble, usually popular or folk, playing parts of or improvising off of a musical arrangement.",
        "type" : "label"
      } ]
    },
    "label" : {
      "IRI-based" : "Music_Group",
      "undefined" : "Music_Group"
    },
    "id" : "161",
    "superClasses" : [ "30" ]
  } ],
  "property" : [ {
    "id" : "0",
    "type" : "owl:disjointWith"
  }, {
    "id" : "3",
    "type" : "owl:disjointWith"
  }, {
    "id" : "5",
    "type" : "owl:disjointWith"
  }, {
    "id" : "7",
    "type" : "owl:disjointWith"
  }, {
    "id" : "9",
    "type" : "owl:disjointWith"
  }, {
    "id" : "12",
    "type" : "owl:disjointWith"
  }, {
    "id" : "14",
    "type" : "owl:disjointWith"
  }, {
    "id" : "16",
    "type" : "owl:disjointWith"
  }, {
    "id" : "18",
    "type" : "owl:datatypeProperty"
  }, {
    "id" : "21",
    "type" : "owl:objectProperty"
  }, {
    "id" : "28",
    "type" : "owl:objectProperty"
  }, {
    "id" : "31",
    "type" : "owl:disjointWith"
  }, {
    "id" : "32",
    "type" : "owl:disjointWith"
  }, {
    "id" : "34",
    "type" : "owl:disjointWith"
  }, {
    "id" : "36",
    "type" : "owl:disjointWith"
  }, {
    "id" : "37",
    "type" : "owl:disjointWith"
  }, {
    "id" : "38",
    "type" : "owl:disjointWith"
  }, {
    "id" : "39",
    "type" : "owl:disjointWith"
  }, {
    "id" : "40",
    "type" : "owl:disjointWith"
  }, {
    "id" : "41",
    "type" : "owl:disjointWith"
  }, {
    "id" : "42",
    "type" : "owl:disjointWith"
  }, {
    "id" : "43",
    "type" : "owl:disjointWith"
  }, {
    "id" : "45",
    "type" : "owl:objectProperty"
  }, {
    "id" : "47",
    "type" : "owl:disjointWith"
  }, {
    "id" : "48",
    "type" : "owl:disjointWith"
  }, {
    "id" : "49",
    "type" : "owl:datatypeProperty"
  }, {
    "id" : "51",
    "type" : "owl:disjointWith"
  }, {
    "id" : "52",
    "type" : "owl:disjointWith"
  }, {
    "id" : "53",
    "type" : "owl:objectProperty"
  }, {
    "id" : "55",
    "type" : "owl:objectProperty"
  }, {
    "id" : "58",
    "type" : "owl:objectProperty"
  }, {
    "id" : "59",
    "type" : "owl:objectProperty"
  }, {
    "id" : "61",
    "type" : "owl:objectProperty"
  }, {
    "id" : "64",
    "type" : "rdfs:SubClassOf"
  }, {
    "id" : "65",
    "type" : "rdfs:SubClassOf"
  }, {
    "id" : "66",
    "type" : "owl:objectProperty"
  }, {
    "id" : "67",
    "type" : "owl:objectProperty"
  }, {
    "id" : "70",
    "type" : "owl:disjointWith"
  }, {
    "id" : "71",
    "type" : "owl:disjointWith"
  }, {
    "id" : "72",
    "type" : "owl:disjointWith"
  }, {
    "id" : "73",
    "type" : "owl:disjointWith"
  }, {
    "id" : "75",
    "type" : "owl:objectProperty"
  }, {
    "id" : "78",
    "type" : "owl:disjointWith"
  }, {
    "id" : "79",
    "type" : "owl:disjointWith"
  }, {
    "id" : "80",
    "type" : "owl:disjointWith"
  }, {
    "id" : "81",
    "type" : "owl:disjointWith"
  }, {
    "id" : "82",
    "type" : "owl:disjointWith"
  }, {
    "id" : "83",
    "type" : "owl:disjointWith"
  }, {
    "id" : "62",
    "type" : "owl:objectProperty"
  }, {
    "id" : "84",
    "type" : "owl:disjointWith"
  }, {
    "id" : "85",
    "type" : "owl:disjointWith"
  }, {
    "id" : "86",
    "type" : "owl:disjointWith"
  }, {
    "id" : "87",
    "type" : "owl:disjointWith"
  }, {
    "id" : "88",
    "type" : "owl:disjointWith"
  }, {
    "id" : "89",
    "type" : "owl:objectProperty"
  }, {
    "id" : "91",
    "type" : "owl:objectProperty"
  }, {
    "id" : "92",
    "type" : "owl:objectProperty"
  }, {
    "id" : "93",
    "type" : "owl:disjointWith"
  }, {
    "id" : "94",
    "type" : "owl:disjointWith"
  }, {
    "id" : "95",
    "type" : "owl:disjointWith"
  }, {
    "id" : "96",
    "type" : "owl:disjointWith"
  }, {
    "id" : "97",
    "type" : "owl:disjointWith"
  }, {
    "id" : "98",
    "type" : "owl:disjointWith"
  }, {
    "id" : "99",
    "type" : "owl:disjointWith"
  }, {
    "id" : "100",
    "type" : "owl:disjointWith"
  }, {
    "id" : "101",
    "type" : "owl:objectProperty"
  }, {
    "id" : "103",
    "type" : "owl:disjointWith"
  }, {
    "id" : "104",
    "type" : "owl:disjointWith"
  }, {
    "id" : "105",
    "type" : "owl:disjointWith"
  }, {
    "id" : "106",
    "type" : "owl:objectProperty"
  }, {
    "id" : "108",
    "type" : "owl:disjointWith"
  }, {
    "id" : "109",
    "type" : "owl:disjointWith"
  }, {
    "id" : "110",
    "type" : "owl:disjointWith"
  }, {
    "id" : "111",
    "type" : "owl:disjointWith"
  }, {
    "id" : "112",
    "type" : "owl:disjointWith"
  }, {
    "id" : "113",
    "type" : "owl:disjointWith"
  }, {
    "id" : "114",
    "type" : "owl:disjointWith"
  }, {
    "id" : "115",
    "type" : "owl:disjointWith"
  }, {
    "id" : "116",
    "type" : "owl:disjointWith"
  }, {
    "id" : "117",
    "type" : "owl:disjointWith"
  }, {
    "id" : "118",
    "type" : "owl:disjointWith"
  }, {
    "id" : "120",
    "type" : "owl:objectProperty"
  }, {
    "id" : "122",
    "type" : "owl:objectProperty"
  }, {
    "id" : "123",
    "type" : "owl:disjointWith"
  }, {
    "id" : "124",
    "type" : "owl:disjointWith"
  }, {
    "id" : "125",
    "type" : "owl:disjointWith"
  }, {
    "id" : "126",
    "type" : "owl:disjointWith"
  }, {
    "id" : "128",
    "type" : "owl:disjointWith"
  }, {
    "id" : "129",
    "type" : "owl:disjointWith"
  }, {
    "id" : "130",
    "type" : "rdfs:SubClassOf"
  }, {
    "id" : "132",
    "type" : "owl:objectProperty"
  }, {
    "id" : "133",
    "type" : "owl:objectProperty"
  }, {
    "id" : "135",
    "type" : "rdfs:SubClassOf"
  }, {
    "id" : "136",
    "type" : "owl:disjointWith"
  }, {
    "id" : "137",
    "type" : "rdfs:SubClassOf"
  }, {
    "id" : "138",
    "type" : "owl:disjointWith"
  }, {
    "id" : "139",
    "type" : "rdfs:SubClassOf"
  }, {
    "id" : "140",
    "type" : "owl:disjointWith"
  }, {
    "id" : "141",
    "type" : "rdfs:SubClassOf"
  }, {
    "id" : "142",
    "type" : "owl:disjointWith"
  }, {
    "id" : "143",
    "type" : "rdfs:SubClassOf"
  }, {
    "id" : "144",
    "type" : "owl:disjointWith"
  }, {
    "id" : "145",
    "type" : "rdfs:SubClassOf"
  }, {
    "id" : "146",
    "type" : "owl:disjointWith"
  }, {
    "id" : "147",
    "type" : "rdfs:SubClassOf"
  }, {
    "id" : "148",
    "type" : "owl:disjointWith"
  }, {
    "id" : "149",
    "type" : "rdfs:SubClassOf"
  }, {
    "id" : "150",
    "type" : "owl:disjointWith"
  }, {
    "id" : "151",
    "type" : "rdfs:SubClassOf"
  }, {
    "id" : "152",
    "type" : "rdfs:SubClassOf"
  }, {
    "id" : "134",
    "type" : "owl:objectProperty"
  }, {
    "id" : "153",
    "type" : "owl:disjointWith"
  }, {
    "id" : "154",
    "type" : "owl:disjointWith"
  }, {
    "id" : "155",
    "type" : "owl:disjointWith"
  }, {
    "id" : "156",
    "type" : "rdfs:SubClassOf"
  }, {
    "id" : "157",
    "type" : "owl:disjointWith"
  }, {
    "id" : "158",
    "type" : "rdfs:SubClassOf"
  }, {
    "id" : "159",
    "type" : "owl:disjointWith"
  }, {
    "id" : "160",
    "type" : "rdfs:SubClassOf"
  }, {
    "id" : "162",
    "type" : "owl:disjointWith"
  }, {
    "id" : "163",
    "type" : "rdfs:SubClassOf"
  }, {
    "id" : "164",
    "type" : "owl:disjointWith"
  }, {
    "id" : "165",
    "type" : "rdfs:SubClassOf"
  }, {
    "id" : "166",
    "type" : "owl:disjointWith"
  }, {
    "id" : "167",
    "type" : "rdfs:SubClassOf"
  }, {
    "id" : "169",
    "type" : "rdfs:SubClassOf"
  }, {
    "id" : "171",
    "type" : "owl:disjointWith"
  }, {
    "id" : "172",
    "type" : "rdfs:SubClassOf"
  }, {
    "id" : "173",
    "type" : "owl:disjointWith"
  }, {
    "id" : "174",
    "type" : "rdfs:SubClassOf"
  }, {
    "id" : "175",
    "type" : "owl:disjointWith"
  }, {
    "id" : "176",
    "type" : "rdfs:SubClassOf"
  }, {
    "id" : "177",
    "type" : "rdfs:SubClassOf"
  }, {
    "id" : "178",
    "type" : "owl:disjointWith"
  }, {
    "id" : "179",
    "type" : "owl:disjointWith"
  }, {
    "id" : "180",
    "type" : "owl:objectProperty"
  }, {
    "id" : "181",
    "type" : "owl:disjointWith"
  }, {
    "id" : "183",
    "type" : "owl:disjointWith"
  }, {
    "id" : "185",
    "type" : "owl:disjointWith"
  }, {
    "id" : "187",
    "type" : "owl:disjointWith"
  }, {
    "id" : "189",
    "type" : "owl:disjointWith"
  }, {
    "id" : "191",
    "type" : "owl:disjointWith"
  }, {
    "id" : "192",
    "type" : "owl:disjointWith"
  }, {
    "id" : "193",
    "type" : "owl:disjointWith"
  }, {
    "id" : "194",
    "type" : "owl:disjointWith"
  }, {
    "id" : "195",
    "type" : "owl:disjointWith"
  }, {
    "id" : "196",
    "type" : "owl:objectProperty"
  }, {
    "id" : "198",
    "type" : "owl:disjointWith"
  }, {
    "id" : "199",
    "type" : "owl:disjointWith"
  }, {
    "id" : "200",
    "type" : "owl:disjointWith"
  }, {
    "id" : "201",
    "type" : "owl:disjointWith"
  }, {
    "id" : "202",
    "type" : "owl:disjointWith"
  }, {
    "id" : "203",
    "type" : "owl:disjointWith"
  }, {
    "id" : "204",
    "type" : "owl:disjointWith"
  }, {
    "id" : "206",
    "type" : "owl:disjointWith"
  }, {
    "id" : "208",
    "type" : "owl:disjointWith"
  }, {
    "id" : "209",
    "type" : "owl:objectProperty"
  }, {
    "id" : "210",
    "type" : "owl:disjointWith"
  }, {
    "id" : "211",
    "type" : "owl:disjointWith"
  }, {
    "id" : "212",
    "type" : "owl:disjointWith"
  }, {
    "id" : "213",
    "type" : "owl:disjointWith"
  }, {
    "id" : "214",
    "type" : "owl:disjointWith"
  }, {
    "id" : "215",
    "type" : "owl:disjointWith"
  }, {
    "id" : "216",
    "type" : "owl:disjointWith"
  }, {
    "id" : "217",
    "type" : "owl:datatypeProperty"
  }, {
    "id" : "218",
    "type" : "owl:objectProperty"
  }, {
    "id" : "219",
    "type" : "owl:objectProperty"
  }, {
    "id" : "220",
    "type" : "owl:disjointWith"
  }, {
    "id" : "221",
    "type" : "owl:disjointWith"
  }, {
    "id" : "222",
    "type" : "owl:disjointWith"
  }, {
    "id" : "77",
    "type" : "owl:objectProperty"
  }, {
    "id" : "223",
    "type" : "owl:disjointWith"
  }, {
    "id" : "224",
    "type" : "owl:disjointWith"
  }, {
    "id" : "225",
    "type" : "owl:disjointWith"
  }, {
    "id" : "226",
    "type" : "owl:disjointWith"
  }, {
    "id" : "227",
    "type" : "owl:disjointWith"
  }, {
    "id" : "228",
    "type" : "owl:disjointWith"
  }, {
    "id" : "229",
    "type" : "owl:disjointWith"
  }, {
    "id" : "230",
    "type" : "owl:datatypeProperty"
  }, {
    "id" : "231",
    "type" : "owl:objectProperty"
  }, {
    "id" : "232",
    "type" : "owl:objectProperty"
  }, {
    "id" : "233",
    "type" : "owl:objectProperty"
  }, {
    "id" : "234",
    "type" : "owl:objectProperty"
  }, {
    "id" : "235",
    "type" : "owl:disjointWith"
  }, {
    "id" : "236",
    "type" : "owl:disjointWith"
  }, {
    "id" : "107",
    "type" : "owl:objectProperty"
  }, {
    "id" : "237",
    "type" : "owl:disjointWith"
  }, {
    "id" : "238",
    "type" : "owl:disjointWith"
  }, {
    "id" : "239",
    "type" : "owl:disjointWith"
  }, {
    "id" : "240",
    "type" : "owl:disjointWith"
  }, {
    "id" : "241",
    "type" : "owl:disjointWith"
  }, {
    "id" : "242",
    "type" : "owl:disjointWith"
  }, {
    "id" : "243",
    "type" : "owl:disjointWith"
  }, {
    "id" : "244",
    "type" : "owl:disjointWith"
  }, {
    "id" : "245",
    "type" : "owl:disjointWith"
  }, {
    "id" : "246",
    "type" : "owl:disjointWith"
  }, {
    "id" : "247",
    "type" : "owl:disjointWith"
  }, {
    "id" : "248",
    "type" : "owl:disjointWith"
  }, {
    "id" : "249",
    "type" : "owl:disjointWith"
  }, {
    "id" : "250",
    "type" : "owl:disjointWith"
  }, {
    "id" : "251",
    "type" : "owl:disjointWith"
  }, {
    "id" : "252",
    "type" : "owl:disjointWith"
  }, {
    "id" : "253",
    "type" : "owl:objectProperty"
  }, {
    "id" : "254",
    "type" : "owl:disjointWith"
  }, {
    "id" : "255",
    "type" : "owl:disjointWith"
  }, {
    "id" : "256",
    "type" : "owl:objectProperty"
  }, {
    "id" : "257",
    "type" : "owl:disjointWith"
  }, {
    "id" : "258",
    "type" : "owl:disjointWith"
  }, {
    "id" : "259",
    "type" : "owl:disjointWith"
  }, {
    "id" : "260",
    "type" : "owl:disjointWith"
  }, {
    "id" : "261",
    "type" : "owl:disjointWith"
  }, {
    "id" : "262",
    "type" : "owl:datatypeProperty"
  }, {
    "id" : "263",
    "type" : "owl:disjointWith"
  }, {
    "id" : "264",
    "type" : "owl:disjointWith"
  }, {
    "id" : "265",
    "type" : "owl:disjointWith"
  }, {
    "id" : "266",
    "type" : "owl:disjointWith"
  }, {
    "id" : "267",
    "type" : "owl:disjointWith"
  }, {
    "id" : "268",
    "type" : "owl:disjointWith"
  }, {
    "id" : "269",
    "type" : "owl:disjointWith"
  }, {
    "id" : "270",
    "type" : "owl:disjointWith"
  }, {
    "id" : "271",
    "type" : "owl:disjointWith"
  }, {
    "id" : "272",
    "type" : "owl:datatypeProperty"
  }, {
    "id" : "273",
    "type" : "owl:disjointWith"
  }, {
    "id" : "274",
    "type" : "owl:disjointWith"
  }, {
    "id" : "275",
    "type" : "owl:disjointWith"
  }, {
    "id" : "276",
    "type" : "owl:disjointWith"
  }, {
    "id" : "277",
    "type" : "owl:disjointWith"
  } ],
  "propertyAttribute" : [ {
    "range" : "2",
    "domain" : "1",
    "attributes" : [ "object", "anonymous" ],
    "id" : "0"
  }, {
    "range" : "4",
    "domain" : "1",
    "attributes" : [ "object", "anonymous" ],
    "id" : "3"
  }, {
    "range" : "6",
    "domain" : "1",
    "attributes" : [ "object", "anonymous" ],
    "id" : "5"
  }, {
    "range" : "8",
    "domain" : "1",
    "attributes" : [ "object", "anonymous" ],
    "id" : "7"
  }, {
    "range" : "11",
    "domain" : "10",
    "attributes" : [ "object", "anonymous" ],
    "id" : "9"
  }, {
    "range" : "13",
    "domain" : "10",
    "attributes" : [ "object", "anonymous" ],
    "id" : "12"
  }, {
    "range" : "15",
    "domain" : "10",
    "attributes" : [ "object", "anonymous" ],
    "id" : "14"
  }, {
    "range" : "17",
    "domain" : "10",
    "attributes" : [ "object", "anonymous" ],
    "id" : "16"
  }, {
    "iri" : "http://purl.org/dc/elements/1.1/title",
    "baseIri" : "http://purl.org/dc/elements/1.1",
    "range" : "20",
    "label" : {
      "IRI-based" : "title",
      "undefined" : "dc:title"
    },
    "domain" : "19",
    "comment" : {
      "undefined" : "a title of something."
    },
    "attributes" : [ "external", "datatype" ],
    "id" : "18"
  }, {
    "iri" : "http://www.w3.org/2002/07/owl#topObjectProperty",
    "baseIri" : "http://www.w3.org/2002/07/owl",
    "range" : "19",
    "label" : {
      "IRI-based" : "topObjectProperty"
    },
    "domain" : "19",
    "attributes" : [ "object", "external", "functional" ],
    "id" : "21"
  }, {
    "iri" : "http://www.semanticweb.org/lisa/ontologies/2019/7/rap#song_made_by",
    "baseIri" : "http://www.semanticweb.org/lisa/ontologies/2019/7/rap",
    "range" : "30",
    "label" : {
      "IRI-based" : "song_made_by",
      "undefined" : "song_made_by"
    },
    "domain" : "29",
    "comment" : {
      "undefined" : "the relation of class Musical_Work to class Person."
    },
    "attributes" : [ "object", "inverse functional" ],
    "id" : "28"
  }, {
    "range" : "17",
    "domain" : "1",
    "attributes" : [ "object", "anonymous" ],
    "id" : "31"
  }, {
    "range" : "33",
    "domain" : "1",
    "attributes" : [ "object", "anonymous" ],
    "id" : "32"
  }, {
    "range" : "33",
    "domain" : "35",
    "attributes" : [ "object", "anonymous" ],
    "id" : "34"
  }, {
    "range" : "2",
    "domain" : "35",
    "attributes" : [ "object", "anonymous" ],
    "id" : "36"
  }, {
    "range" : "4",
    "domain" : "35",
    "attributes" : [ "object", "anonymous" ],
    "id" : "37"
  }, {
    "range" : "6",
    "domain" : "35",
    "attributes" : [ "object", "anonymous" ],
    "id" : "38"
  }, {
    "range" : "8",
    "domain" : "35",
    "attributes" : [ "object", "anonymous" ],
    "id" : "39"
  }, {
    "range" : "10",
    "domain" : "1",
    "attributes" : [ "object", "anonymous" ],
    "id" : "40"
  }, {
    "range" : "11",
    "domain" : "1",
    "attributes" : [ "object", "anonymous" ],
    "id" : "41"
  }, {
    "range" : "13",
    "domain" : "1",
    "attributes" : [ "object", "anonymous" ],
    "id" : "42"
  }, {
    "range" : "15",
    "domain" : "1",
    "attributes" : [ "object", "anonymous" ],
    "id" : "43"
  }, {
    "iri" : "http://www.semanticweb.org/lisa/ontologies/2019/7/rap#references",
    "baseIri" : "http://www.semanticweb.org/lisa/ontologies/2019/7/rap",
    "range" : "46",
    "label" : {
      "IRI-based" : "references",
      "undefined" : "references"
    },
    "domain" : "30",
    "comment" : {
      "undefined" : "property that connects classes Topic or Place or Car or Person of the ontology to the class Topic."
    },
    "attributes" : [ "object", "functional" ],
    "id" : "45"
  }, {
    "range" : "13",
    "domain" : "35",
    "attributes" : [ "object", "anonymous" ],
    "id" : "47"
  }, {
    "range" : "11",
    "domain" : "35",
    "attributes" : [ "object", "anonymous" ],
    "id" : "48"
  }, {
    "iri" : "http://xmlns.com/foaf/0.1/name",
    "baseIri" : "http://xmlns.com/foaf/0.1",
    "range" : "50",
    "label" : {
      "IRI-based" : "name",
      "undefined" : "name"
    },
    "domain" : "30",
    "comment" : {
      "undefined" : "a person's name (person could be  real or fictional)."
    },
    "attributes" : [ "external", "datatype" ],
    "id" : "49"
  }, {
    "range" : "15",
    "domain" : "35",
    "attributes" : [ "object", "anonymous" ],
    "id" : "51"
  }, {
    "range" : "17",
    "domain" : "35",
    "attributes" : [ "object", "anonymous" ],
    "id" : "52"
  }, {
    "iri" : "http://www.semanticweb.org/lisa/ontologies/2019/7/rap#is_pos_sentiment_score_of",
    "baseIri" : "http://www.semanticweb.org/lisa/ontologies/2019/7/rap",
    "range" : "29",
    "label" : {
      "IRI-based" : "is_pos_sentiment_score_of",
      "undefined" : "is_pos_sentiment_score_of"
    },
    "domain" : "22",
    "comment" : {
      "undefined" : "the property that relates class Sentiment to the class MusicalWork"
    },
    "attributes" : [ "object", "inverse functional" ],
    "id" : "53"
  }, {
    "iri" : "http://www.semanticweb.org/lisa/ontologies/2019/7/rap#release_date_of",
    "baseIri" : "http://www.semanticweb.org/lisa/ontologies/2019/7/rap",
    "range" : "57",
    "label" : {
      "IRI-based" : "release_date_of",
      "undefined" : "release_date_of"
    },
    "domain" : "56",
    "comment" : {
      "undefined" : "property that connects class Time_Span to the class Album or Car or Musical_Work or Person."
    },
    "attributes" : [ "object", "inverse functional" ],
    "id" : "55"
  }, {
    "iri" : "http://www.semanticweb.org/lisa/ontologies/2019/7/rap#is_neutral_sentiment_score_of",
    "baseIri" : "http://www.semanticweb.org/lisa/ontologies/2019/7/rap",
    "range" : "24",
    "label" : {
      "IRI-based" : "is_neutral_sentiment_score_of",
      "undefined" : "is_neutral_sentiment_score_of"
    },
    "domain" : "29",
    "comment" : {
      "undefined" : "neutral sentiment score obtained by VADER."
    },
    "attributes" : [ "object", "inverse functional" ],
    "id" : "58"
  }, {
    "iri" : "http://www.semanticweb.org/lisa/ontologies/2019/7/rap#features",
    "baseIri" : "http://www.semanticweb.org/lisa/ontologies/2019/7/rap",
    "range" : "30",
    "label" : {
      "IRI-based" : "features",
      "undefined" : "features"
    },
    "domain" : "29",
    "comment" : {
      "undefined" : "featuring the collaborated artist while making the musical work."
    },
    "attributes" : [ "object", "functional" ],
    "id" : "59"
  }, {
    "iri" : "http://www.semanticweb.org/lisa/ontologies/2019/7/rap#has_negative_sentiment",
    "inverse" : "62",
    "baseIri" : "http://www.semanticweb.org/lisa/ontologies/2019/7/rap",
    "range" : "25",
    "label" : {
      "IRI-based" : "has_negative_sentiment",
      "undefined" : "has_negative_sentiment"
    },
    "domain" : "29",
    "comment" : {
      "undefined" : "negative sentiment score"
    },
    "attributes" : [ "object", "functional" ],
    "id" : "61"
  }, {
    "range" : "44",
    "domain" : "13",
    "attributes" : [ "object", "anonymous" ],
    "id" : "64"
  }, {
    "range" : "44",
    "domain" : "33",
    "attributes" : [ "object", "anonymous" ],
    "id" : "65"
  }, {
    "iri" : "http://www.semanticweb.org/lisa/ontologies/2019/7/rap#has_positive_sentiment",
    "inverse" : "53",
    "baseIri" : "http://www.semanticweb.org/lisa/ontologies/2019/7/rap",
    "range" : "22",
    "label" : {
      "IRI-based" : "has_positive_sentiment",
      "undefined" : "has_positive_sentiment"
    },
    "domain" : "29",
    "comment" : {
      "undefined" : "property that connects classes of the ontology to the class Sentiment."
    },
    "attributes" : [ "object", "functional" ],
    "id" : "66"
  }, {
    "iri" : "http://www.semanticweb.org/lisa/ontologies/2019/7/rap#is_referenced_in_song",
    "baseIri" : "http://www.semanticweb.org/lisa/ontologies/2019/7/rap",
    "range" : "29",
    "label" : {
      "IRI-based" : "is_referenced_in_song",
      "undefined" : "is_referenced_in_song"
    },
    "domain" : "68",
    "comment" : {
      "undefined" : "A topic that was referenced in a musical work."
    },
    "attributes" : [ "object", "inverse functional" ],
    "id" : "67"
  }, {
    "range" : "6",
    "domain" : "2",
    "attributes" : [ "object", "anonymous" ],
    "id" : "70"
  }, {
    "range" : "8",
    "domain" : "2",
    "attributes" : [ "object", "anonymous" ],
    "id" : "71"
  }, {
    "range" : "6",
    "domain" : "4",
    "attributes" : [ "object", "anonymous" ],
    "id" : "72"
  }, {
    "range" : "8",
    "domain" : "4",
    "attributes" : [ "object", "anonymous" ],
    "id" : "73"
  }, {
    "iri" : "http://www.semanticweb.org/lisa/ontologies/2019/7/rap#has_song",
    "inverse" : "77",
    "baseIri" : "http://www.semanticweb.org/lisa/ontologies/2019/7/rap",
    "range" : "29",
    "label" : {
      "IRI-based" : "has_song",
      "undefined" : "has_song"
    },
    "domain" : "76",
    "comment" : {
      "undefined" : "property that connects classes of the ontology to the class MusicalWork."
    },
    "attributes" : [ "object", "functional" ],
    "id" : "75"
  }, {
    "range" : "8",
    "domain" : "17",
    "attributes" : [ "object", "anonymous" ],
    "id" : "78"
  }, {
    "range" : "2",
    "domain" : "33",
    "attributes" : [ "object", "anonymous" ],
    "id" : "79"
  }, {
    "range" : "4",
    "domain" : "33",
    "attributes" : [ "object", "anonymous" ],
    "id" : "80"
  }, {
    "range" : "6",
    "domain" : "33",
    "attributes" : [ "object", "anonymous" ],
    "id" : "81"
  }, {
    "range" : "8",
    "domain" : "33",
    "attributes" : [ "object", "anonymous" ],
    "id" : "82"
  }, {
    "range" : "4",
    "domain" : "2",
    "attributes" : [ "object", "anonymous" ],
    "id" : "83"
  }, {
    "iri" : "http://www.semanticweb.org/lisa/ontologies/2019/7/rap#is_neg_sentiment_score_of",
    "baseIri" : "http://www.semanticweb.org/lisa/ontologies/2019/7/rap",
    "range" : "29",
    "label" : {
      "IRI-based" : "is_neg_sentiment_score_of",
      "undefined" : "is_neg_sentiment_score_of"
    },
    "domain" : "25",
    "comment" : {
      "undefined" : "negative sentiment of a song"
    },
    "attributes" : [ "object", "inverse functional" ],
    "id" : "62"
  }, {
    "range" : "8",
    "domain" : "15",
    "attributes" : [ "object", "anonymous" ],
    "id" : "84"
  }, {
    "range" : "33",
    "domain" : "17",
    "attributes" : [ "object", "anonymous" ],
    "id" : "85"
  }, {
    "range" : "2",
    "domain" : "17",
    "attributes" : [ "object", "anonymous" ],
    "id" : "86"
  }, {
    "range" : "4",
    "domain" : "17",
    "attributes" : [ "object", "anonymous" ],
    "id" : "87"
  }, {
    "range" : "6",
    "domain" : "17",
    "attributes" : [ "object", "anonymous" ],
    "id" : "88"
  }, {
    "iri" : "http://www.semanticweb.org/lisa/ontologies/2019/7/rap#is_referenced_by",
    "inverse" : "45",
    "baseIri" : "http://www.semanticweb.org/lisa/ontologies/2019/7/rap",
    "range" : "30",
    "label" : {
      "IRI-based" : "is_referenced_by",
      "undefined" : "is_referenced_by"
    },
    "domain" : "90",
    "comment" : {
      "undefined" : "property that connects the classes Topic or Place or Car or Person to the class Person."
    },
    "attributes" : [ "object", "inverse functional" ],
    "id" : "89"
  }, {
    "iri" : "http://www.semanticweb.org/lisa/ontologies/2019/7/rap#uses_literary_device",
    "baseIri" : "http://www.semanticweb.org/lisa/ontologies/2019/7/rap",
    "range" : "44",
    "label" : {
      "IRI-based" : "uses_literary_device",
      "undefined" : "uses_literary_device"
    },
    "domain" : "30",
    "comment" : {
      "undefined" : "property that connects the class Person to the class Literary Device"
    },
    "attributes" : [ "object", "functional" ],
    "id" : "91"
  }, {
    "iri" : "http://www.semanticweb.org/lisa/ontologies/2019/7/rap#technique_used_by",
    "inverse" : "91",
    "baseIri" : "http://www.semanticweb.org/lisa/ontologies/2019/7/rap",
    "range" : "30",
    "label" : {
      "IRI-based" : "technique_used_by",
      "undefined" : "technique_used_by"
    },
    "domain" : "44",
    "comment" : {
      "undefined" : "property that connect class Literary_Device to the class Person"
    },
    "attributes" : [ "object", "inverse functional" ],
    "id" : "92"
  }, {
    "range" : "17",
    "domain" : "15",
    "attributes" : [ "object", "anonymous" ],
    "id" : "93"
  }, {
    "range" : "33",
    "domain" : "15",
    "attributes" : [ "object", "anonymous" ],
    "id" : "94"
  }, {
    "range" : "2",
    "domain" : "15",
    "attributes" : [ "object", "anonymous" ],
    "id" : "95"
  }, {
    "range" : "4",
    "domain" : "15",
    "attributes" : [ "object", "anonymous" ],
    "id" : "96"
  }, {
    "range" : "6",
    "domain" : "15",
    "attributes" : [ "object", "anonymous" ],
    "id" : "97"
  }, {
    "range" : "17",
    "domain" : "13",
    "attributes" : [ "object", "anonymous" ],
    "id" : "98"
  }, {
    "range" : "33",
    "domain" : "13",
    "attributes" : [ "object", "anonymous" ],
    "id" : "99"
  }, {
    "range" : "2",
    "domain" : "13",
    "attributes" : [ "object", "anonymous" ],
    "id" : "100"
  }, {
    "iri" : "http://www.semanticweb.org/lisa/ontologies/2019/7/rap#is_place_of",
    "baseIri" : "http://www.semanticweb.org/lisa/ontologies/2019/7/rap",
    "range" : "30",
    "label" : {
      "IRI-based" : "is_place_of",
      "undefined" : "is_place_of"
    },
    "domain" : "102",
    "comment" : {
      "undefined" : "the property that show a relation between class PLace and class Person."
    },
    "attributes" : [ "object", "inverse functional" ],
    "id" : "101"
  }, {
    "range" : "4",
    "domain" : "13",
    "attributes" : [ "object", "anonymous" ],
    "id" : "103"
  }, {
    "range" : "6",
    "domain" : "13",
    "attributes" : [ "object", "anonymous" ],
    "id" : "104"
  }, {
    "range" : "8",
    "domain" : "13",
    "attributes" : [ "object", "anonymous" ],
    "id" : "105"
  }, {
    "iri" : "http://www.semanticweb.org/lisa/ontologies/2019/7/rap#has_compound_sentiment_score",
    "inverse" : "107",
    "baseIri" : "http://www.semanticweb.org/lisa/ontologies/2019/7/rap",
    "range" : "23",
    "label" : {
      "IRI-based" : "has_compound_sentiment_score",
      "undefined" : "has_compound_sentiment_score"
    },
    "domain" : "29",
    "comment" : {
      "undefined" : "compound sentiment score obtained by vader."
    },
    "attributes" : [ "object", "inverse functional" ],
    "id" : "106"
  }, {
    "range" : "4",
    "domain" : "11",
    "attributes" : [ "object", "anonymous" ],
    "id" : "108"
  }, {
    "range" : "6",
    "domain" : "11",
    "attributes" : [ "object", "anonymous" ],
    "id" : "109"
  }, {
    "range" : "8",
    "domain" : "11",
    "attributes" : [ "object", "anonymous" ],
    "id" : "110"
  }, {
    "range" : "15",
    "domain" : "13",
    "attributes" : [ "object", "anonymous" ],
    "id" : "111"
  }, {
    "range" : "6",
    "domain" : "10",
    "attributes" : [ "object", "anonymous" ],
    "id" : "112"
  }, {
    "range" : "8",
    "domain" : "10",
    "attributes" : [ "object", "anonymous" ],
    "id" : "113"
  }, {
    "range" : "13",
    "domain" : "11",
    "attributes" : [ "object", "anonymous" ],
    "id" : "114"
  }, {
    "range" : "15",
    "domain" : "11",
    "attributes" : [ "object", "anonymous" ],
    "id" : "115"
  }, {
    "range" : "17",
    "domain" : "11",
    "attributes" : [ "object", "anonymous" ],
    "id" : "116"
  }, {
    "range" : "33",
    "domain" : "11",
    "attributes" : [ "object", "anonymous" ],
    "id" : "117"
  }, {
    "range" : "2",
    "domain" : "11",
    "attributes" : [ "object", "anonymous" ],
    "id" : "118"
  }, {
    "iri" : "http://www.semanticweb.org/lisa/ontologies/2019/7/rap#is_genre_of",
    "baseIri" : "http://www.semanticweb.org/lisa/ontologies/2019/7/rap",
    "range" : "121",
    "label" : {
      "IRI-based" : "is_genre_of",
      "undefined" : "is_genre_of"
    },
    "domain" : "119",
    "comment" : {
      "undefined" : "property that connects class genre to the classes Album or MusicalWork or Person"
    },
    "attributes" : [ "object", "inverse functional" ],
    "id" : "120"
  }, {
    "iri" : "http://www.semanticweb.org/lisa/ontologies/2019/7/rap#has_neutral_sentiment_score",
    "inverse" : "58",
    "baseIri" : "http://www.semanticweb.org/lisa/ontologies/2019/7/rap",
    "range" : "29",
    "label" : {
      "IRI-based" : "has_neutral_sentiment_score",
      "undefined" : "has_neutral_sentiment_score"
    },
    "domain" : "24",
    "comment" : {
      "undefined" : "neutral sentiment score obtained by VADER."
    },
    "attributes" : [ "object", "functional" ],
    "id" : "122"
  }, {
    "range" : "33",
    "domain" : "10",
    "attributes" : [ "object", "anonymous" ],
    "id" : "123"
  }, {
    "range" : "2",
    "domain" : "10",
    "attributes" : [ "object", "anonymous" ],
    "id" : "124"
  }, {
    "range" : "4",
    "domain" : "10",
    "attributes" : [ "object", "anonymous" ],
    "id" : "125"
  }, {
    "range" : "102",
    "domain" : "44",
    "attributes" : [ "object", "anonymous" ],
    "id" : "126"
  }, {
    "range" : "30",
    "domain" : "44",
    "attributes" : [ "object", "anonymous" ],
    "id" : "128"
  }, {
    "range" : "29",
    "domain" : "44",
    "attributes" : [ "object", "anonymous" ],
    "id" : "129"
  }, {
    "range" : "44",
    "domain" : "131",
    "attributes" : [ "object", "anonymous" ],
    "id" : "130"
  }, {
    "iri" : "http://www.semanticweb.org/lisa/ontologies/2019/7/rap#made_song",
    "inverse" : "28",
    "baseIri" : "http://www.semanticweb.org/lisa/ontologies/2019/7/rap",
    "range" : "29",
    "label" : {
      "IRI-based" : "made_song",
      "undefined" : "made_song"
    },
    "domain" : "30",
    "comment" : {
      "undefined" : "property that connects class Person to class Musical_Work"
    },
    "attributes" : [ "object", "functional" ],
    "id" : "132"
  }, {
    "iri" : "http://www.semanticweb.org/lisa/ontologies/2019/7/rap#has_lyrics",
    "inverse" : "134",
    "baseIri" : "http://www.semanticweb.org/lisa/ontologies/2019/7/rap",
    "range" : "54",
    "label" : {
      "IRI-based" : "has_lyrics",
      "undefined" : "has_lyrics"
    },
    "domain" : "29",
    "comment" : {
      "undefined" : "property that connects classes of the ontology to the Lyrics."
    },
    "attributes" : [ "object", "functional" ],
    "id" : "133"
  }, {
    "range" : "44",
    "domain" : "8",
    "attributes" : [ "object", "anonymous" ],
    "id" : "135"
  }, {
    "range" : "22",
    "domain" : "27",
    "attributes" : [ "object", "anonymous" ],
    "id" : "136"
  }, {
    "range" : "44",
    "domain" : "35",
    "attributes" : [ "object", "anonymous" ],
    "id" : "137"
  }, {
    "range" : "56",
    "domain" : "27",
    "attributes" : [ "object", "anonymous" ],
    "id" : "138"
  }, {
    "range" : "44",
    "domain" : "60",
    "attributes" : [ "object", "anonymous" ],
    "id" : "139"
  }, {
    "range" : "54",
    "domain" : "44",
    "attributes" : [ "object", "anonymous" ],
    "id" : "140"
  }, {
    "range" : "44",
    "domain" : "15",
    "attributes" : [ "object", "anonymous" ],
    "id" : "141"
  }, {
    "range" : "74",
    "domain" : "27",
    "attributes" : [ "object", "anonymous" ],
    "id" : "142"
  }, {
    "range" : "44",
    "domain" : "4",
    "attributes" : [ "object", "anonymous" ],
    "id" : "143"
  }, {
    "range" : "29",
    "domain" : "27",
    "attributes" : [ "object", "anonymous" ],
    "id" : "144"
  }, {
    "range" : "44",
    "domain" : "10",
    "attributes" : [ "object", "anonymous" ],
    "id" : "145"
  }, {
    "range" : "54",
    "domain" : "27",
    "attributes" : [ "object", "anonymous" ],
    "id" : "146"
  }, {
    "range" : "44",
    "domain" : "2",
    "attributes" : [ "object", "anonymous" ],
    "id" : "147"
  }, {
    "range" : "102",
    "domain" : "27",
    "attributes" : [ "object", "anonymous" ],
    "id" : "148"
  }, {
    "range" : "44",
    "domain" : "63",
    "attributes" : [ "object", "anonymous" ],
    "id" : "149"
  }, {
    "range" : "30",
    "domain" : "27",
    "attributes" : [ "object", "anonymous" ],
    "id" : "150"
  }, {
    "range" : "44",
    "domain" : "6",
    "attributes" : [ "object", "anonymous" ],
    "id" : "151"
  }, {
    "range" : "44",
    "domain" : "17",
    "attributes" : [ "object", "anonymous" ],
    "id" : "152"
  }, {
    "iri" : "http://www.semanticweb.org/lisa/ontologies/2019/7/rap#is_lyric_of",
    "baseIri" : "http://www.semanticweb.org/lisa/ontologies/2019/7/rap",
    "range" : "29",
    "label" : {
      "IRI-based" : "is_lyric_of",
      "undefined" : "is_lyric_of"
    },
    "domain" : "54",
    "comment" : {
      "undefined" : "property that connects class Lyrics to the class Song."
    },
    "attributes" : [ "object", "inverse functional" ],
    "id" : "134"
  }, {
    "range" : "74",
    "domain" : "76",
    "attributes" : [ "object", "anonymous" ],
    "id" : "153"
  }, {
    "range" : "22",
    "domain" : "76",
    "attributes" : [ "object", "anonymous" ],
    "id" : "154"
  }, {
    "range" : "44",
    "domain" : "27",
    "attributes" : [ "object", "anonymous" ],
    "id" : "155"
  }, {
    "range" : "22",
    "domain" : "25",
    "attributes" : [ "object", "anonymous" ],
    "id" : "156"
  }, {
    "range" : "30",
    "domain" : "76",
    "attributes" : [ "object", "anonymous" ],
    "id" : "157"
  }, {
    "range" : "22",
    "domain" : "26",
    "attributes" : [ "object", "anonymous" ],
    "id" : "158"
  }, {
    "range" : "29",
    "domain" : "76",
    "attributes" : [ "object", "anonymous" ],
    "id" : "159"
  }, {
    "range" : "30",
    "domain" : "161",
    "attributes" : [ "object", "anonymous" ],
    "id" : "160"
  }, {
    "range" : "56",
    "domain" : "76",
    "attributes" : [ "object", "anonymous" ],
    "id" : "162"
  }, {
    "range" : "30",
    "domain" : "69",
    "attributes" : [ "object", "anonymous" ],
    "id" : "163"
  }, {
    "range" : "102",
    "domain" : "76",
    "attributes" : [ "object", "anonymous" ],
    "id" : "164"
  }, {
    "range" : "30",
    "domain" : "127",
    "attributes" : [ "object", "anonymous" ],
    "id" : "165"
  }, {
    "range" : "27",
    "domain" : "76",
    "attributes" : [ "object", "anonymous" ],
    "id" : "166"
  }, {
    "range" : "102",
    "domain" : "168",
    "attributes" : [ "object", "anonymous" ],
    "id" : "167"
  }, {
    "range" : "102",
    "domain" : "170",
    "attributes" : [ "object", "anonymous" ],
    "id" : "169"
  }, {
    "range" : "54",
    "domain" : "76",
    "attributes" : [ "object", "anonymous" ],
    "id" : "171"
  }, {
    "range" : "44",
    "domain" : "11",
    "attributes" : [ "object", "anonymous" ],
    "id" : "172"
  }, {
    "range" : "44",
    "domain" : "76",
    "attributes" : [ "object", "anonymous" ],
    "id" : "173"
  }, {
    "range" : "44",
    "domain" : "1",
    "attributes" : [ "object", "anonymous" ],
    "id" : "174"
  }, {
    "range" : "22",
    "domain" : "102",
    "attributes" : [ "object", "anonymous" ],
    "id" : "175"
  }, {
    "range" : "22",
    "domain" : "23",
    "attributes" : [ "object", "anonymous" ],
    "id" : "176"
  }, {
    "range" : "22",
    "domain" : "24",
    "attributes" : [ "object", "anonymous" ],
    "id" : "177"
  }, {
    "range" : "22",
    "domain" : "56",
    "attributes" : [ "object", "anonymous" ],
    "id" : "178"
  }, {
    "range" : "74",
    "domain" : "102",
    "attributes" : [ "object", "anonymous" ],
    "id" : "179"
  }, {
    "iri" : "http://www.semanticweb.org/lisa/ontologies/2019/7/rap#technique_used_in",
    "baseIri" : "http://www.semanticweb.org/lisa/ontologies/2019/7/rap",
    "range" : "29",
    "label" : {
      "IRI-based" : "technique_used_in",
      "undefined" : "technique_used_in"
    },
    "domain" : "44",
    "comment" : {
      "undefined" : "property that connect class Literary_Device to the class Musical_Work"
    },
    "attributes" : [ "object", "inverse functional" ],
    "id" : "180"
  }, {
    "range" : "22",
    "domain" : "30",
    "attributes" : [ "object", "anonymous" ],
    "id" : "181"
  }, {
    "range" : "56",
    "domain" : "30",
    "attributes" : [ "object", "anonymous" ],
    "id" : "183"
  }, {
    "range" : "56",
    "domain" : "102",
    "attributes" : [ "object", "anonymous" ],
    "id" : "185"
  }, {
    "range" : "74",
    "domain" : "30",
    "attributes" : [ "object", "anonymous" ],
    "id" : "187"
  }, {
    "range" : "22",
    "domain" : "29",
    "attributes" : [ "object", "anonymous" ],
    "id" : "189"
  }, {
    "range" : "56",
    "domain" : "29",
    "attributes" : [ "object", "anonymous" ],
    "id" : "191"
  }, {
    "range" : "102",
    "domain" : "30",
    "attributes" : [ "object", "anonymous" ],
    "id" : "192"
  }, {
    "range" : "74",
    "domain" : "29",
    "attributes" : [ "object", "anonymous" ],
    "id" : "193"
  }, {
    "range" : "102",
    "domain" : "29",
    "attributes" : [ "object", "anonymous" ],
    "id" : "194"
  }, {
    "range" : "30",
    "domain" : "29",
    "attributes" : [ "object", "anonymous" ],
    "id" : "195"
  }, {
    "iri" : "http://www.semanticweb.org/lisa/ontologies/2019/7/rap#has_release_date",
    "inverse" : "55",
    "baseIri" : "http://www.semanticweb.org/lisa/ontologies/2019/7/rap",
    "range" : "56",
    "label" : {
      "IRI-based" : "has_release_date",
      "undefined" : "has_release_date"
    },
    "domain" : "197",
    "comment" : {
      "undefined" : "property that connects classes of the ontology to the class Time Span."
    },
    "attributes" : [ "object", "functional" ],
    "id" : "196"
  }, {
    "range" : "74",
    "domain" : "54",
    "attributes" : [ "object", "anonymous" ],
    "id" : "198"
  }, {
    "range" : "102",
    "domain" : "54",
    "attributes" : [ "object", "anonymous" ],
    "id" : "199"
  }, {
    "range" : "30",
    "domain" : "54",
    "attributes" : [ "object", "anonymous" ],
    "id" : "200"
  }, {
    "range" : "8",
    "domain" : "6",
    "attributes" : [ "object", "anonymous" ],
    "id" : "201"
  }, {
    "range" : "22",
    "domain" : "54",
    "attributes" : [ "object", "anonymous" ],
    "id" : "202"
  }, {
    "range" : "161",
    "domain" : "69",
    "attributes" : [ "object", "anonymous" ],
    "id" : "203"
  }, {
    "range" : "56",
    "domain" : "54",
    "attributes" : [ "object", "anonymous" ],
    "id" : "204"
  }, {
    "range" : "22",
    "domain" : "44",
    "attributes" : [ "object", "anonymous" ],
    "id" : "206"
  }, {
    "range" : "56",
    "domain" : "44",
    "attributes" : [ "object", "anonymous" ],
    "id" : "208"
  }, {
    "iri" : "http://www.semanticweb.org/lisa/ontologies/2019/7/rap#was_issued_by",
    "baseIri" : "http://www.semanticweb.org/lisa/ontologies/2019/7/rap",
    "range" : "30",
    "label" : {
      "IRI-based" : "was_issued_by",
      "undefined" : "was_issued_by"
    },
    "domain" : "76",
    "comment" : {
      "undefined" : "the property that connects class Album to class Person."
    },
    "attributes" : [ "object", "inverse functional" ],
    "id" : "209"
  }, {
    "range" : "29",
    "domain" : "54",
    "attributes" : [ "object", "anonymous" ],
    "id" : "210"
  }, {
    "range" : "74",
    "domain" : "44",
    "attributes" : [ "object", "anonymous" ],
    "id" : "211"
  }, {
    "range" : "1",
    "domain" : "131",
    "attributes" : [ "object", "anonymous" ],
    "id" : "212"
  }, {
    "range" : "35",
    "domain" : "131",
    "attributes" : [ "object", "anonymous" ],
    "id" : "213"
  }, {
    "range" : "11",
    "domain" : "131",
    "attributes" : [ "object", "anonymous" ],
    "id" : "214"
  }, {
    "range" : "10",
    "domain" : "131",
    "attributes" : [ "object", "anonymous" ],
    "id" : "215"
  }, {
    "range" : "63",
    "domain" : "131",
    "attributes" : [ "object", "anonymous" ],
    "id" : "216"
  }, {
    "iri" : "http://dbpedia.org/ontology/City",
    "baseIri" : "http://dbpedia.org/ontology",
    "range" : "182",
    "label" : {
      "IRI-based" : "City",
      "undefined" : "dbo:City"
    },
    "domain" : "168",
    "comment" : {
      "undefined" : "is a large human settlement."
    },
    "attributes" : [ "external", "datatype" ],
    "id" : "217"
  }, {
    "iri" : "http://www.semanticweb.org/lisa/ontologies/2019/7/rap#has_album",
    "inverse" : "209",
    "baseIri" : "http://www.semanticweb.org/lisa/ontologies/2019/7/rap",
    "range" : "76",
    "label" : {
      "IRI-based" : "has_album",
      "undefined" : "has_album"
    },
    "domain" : "30",
    "comment" : {
      "undefined" : "property that connects classes of the ontology to the class Album."
    },
    "attributes" : [ "object", "functional" ],
    "id" : "218"
  }, {
    "iri" : "http://www.semanticweb.org/lisa/ontologies/2019/7/rap#is_topic_of",
    "baseIri" : "http://www.semanticweb.org/lisa/ontologies/2019/7/rap",
    "range" : "29",
    "label" : {
      "IRI-based" : "is_topic_of",
      "undefined" : "is_topic_of"
    },
    "domain" : "74",
    "comment" : {
      "undefined" : "property that connects class Topic to the class Musical_Work"
    },
    "attributes" : [ "object", "inverse functional" ],
    "id" : "219"
  }, {
    "range" : "8",
    "domain" : "60",
    "attributes" : [ "object", "anonymous" ],
    "id" : "220"
  }, {
    "range" : "6",
    "domain" : "60",
    "attributes" : [ "object", "anonymous" ],
    "id" : "221"
  }, {
    "range" : "33",
    "domain" : "60",
    "attributes" : [ "object", "anonymous" ],
    "id" : "222"
  }, {
    "iri" : "http://www.semanticweb.org/lisa/ontologies/2019/7/rap#is_part_of",
    "baseIri" : "http://www.semanticweb.org/lisa/ontologies/2019/7/rap",
    "range" : "76",
    "label" : {
      "IRI-based" : "is_part_of",
      "undefined" : "is_part_of"
    },
    "domain" : "29",
    "comment" : {
      "undefined" : "property that connects class MusicWork to the class Album."
    },
    "attributes" : [ "object", "inverse functional" ],
    "id" : "77"
  }, {
    "range" : "17",
    "domain" : "60",
    "attributes" : [ "object", "anonymous" ],
    "id" : "223"
  }, {
    "range" : "4",
    "domain" : "60",
    "attributes" : [ "object", "anonymous" ],
    "id" : "224"
  }, {
    "range" : "2",
    "domain" : "60",
    "attributes" : [ "object", "anonymous" ],
    "id" : "225"
  }, {
    "range" : "11",
    "domain" : "60",
    "attributes" : [ "object", "anonymous" ],
    "id" : "226"
  }, {
    "range" : "10",
    "domain" : "60",
    "attributes" : [ "object", "anonymous" ],
    "id" : "227"
  }, {
    "range" : "15",
    "domain" : "60",
    "attributes" : [ "object", "anonymous" ],
    "id" : "228"
  }, {
    "range" : "13",
    "domain" : "60",
    "attributes" : [ "object", "anonymous" ],
    "id" : "229"
  }, {
    "iri" : "http://www.semanticweb.org/lisa/ontologies/2019/7/rap#sentiment_score",
    "baseIri" : "http://www.semanticweb.org/lisa/ontologies/2019/7/rap",
    "range" : "184",
    "label" : {
      "IRI-based" : "sentiment_score",
      "undefined" : "sentiment_score"
    },
    "domain" : "29",
    "comment" : {
      "undefined" : "the sentiment score of a musical work (positive, negative, compound)."
    },
    "attributes" : [ "datatype" ],
    "id" : "230"
  }, {
    "iri" : "http://www.semanticweb.org/lisa/ontologies/2019/7/rap#has_reference_of",
    "inverse" : "67",
    "baseIri" : "http://www.semanticweb.org/lisa/ontologies/2019/7/rap",
    "range" : "207",
    "label" : {
      "IRI-based" : "has_reference_of",
      "undefined" : "has_reference_of"
    },
    "domain" : "29",
    "comment" : {
      "undefined" : "property indicatint a musical work that makes has a reference to a topic."
    },
    "attributes" : [ "object", "functional" ],
    "id" : "231"
  }, {
    "iri" : "http://www.semanticweb.org/lisa/ontologies/2019/7/rap#has_place",
    "inverse" : "101",
    "baseIri" : "http://www.semanticweb.org/lisa/ontologies/2019/7/rap",
    "range" : "102",
    "label" : {
      "IRI-based" : "has_place",
      "undefined" : "has_place"
    },
    "domain" : "30",
    "comment" : {
      "undefined" : "property that connects classes of the ontology to the class Place"
    },
    "attributes" : [ "object", "functional" ],
    "id" : "232"
  }, {
    "iri" : "http://www.semanticweb.org/lisa/ontologies/2019/7/rap#collaborated_on_song",
    "inverse" : "59",
    "baseIri" : "http://www.semanticweb.org/lisa/ontologies/2019/7/rap",
    "range" : "29",
    "label" : {
      "IRI-based" : "collaborated_on_song",
      "undefined" : "collaborated_on_song"
    },
    "domain" : "30",
    "comment" : {
      "undefined" : "connects class Person to class Musical work."
    },
    "attributes" : [ "object", "inverse functional" ],
    "id" : "233"
  }, {
    "iri" : "http://www.semanticweb.org/lisa/ontologies/2019/7/rap#has_genre",
    "inverse" : "120",
    "baseIri" : "http://www.semanticweb.org/lisa/ontologies/2019/7/rap",
    "range" : "119",
    "label" : {
      "IRI-based" : "has_genre",
      "undefined" : "has_genre"
    },
    "domain" : "205",
    "comment" : {
      "undefined" : "property that connects class Genre to the classes Album or MusicalWork or Person."
    },
    "attributes" : [ "object", "functional" ],
    "id" : "234"
  }, {
    "range" : "35",
    "domain" : "60",
    "attributes" : [ "object", "anonymous" ],
    "id" : "235"
  }, {
    "range" : "63",
    "domain" : "60",
    "attributes" : [ "object", "anonymous" ],
    "id" : "236"
  }, {
    "iri" : "http://www.semanticweb.org/lisa/ontologies/2019/7/rap#is_compound_sentiment_score_of",
    "baseIri" : "http://www.semanticweb.org/lisa/ontologies/2019/7/rap",
    "range" : "29",
    "label" : {
      "IRI-based" : "is_compound_sentiment_score_of",
      "undefined" : "is_compound_sentiment_score_of"
    },
    "domain" : "23",
    "comment" : {
      "undefined" : "compound sentiment score obtained by VADER that belogs to a musical work."
    },
    "attributes" : [ "object", "functional" ],
    "id" : "107"
  }, {
    "range" : "1",
    "domain" : "60",
    "attributes" : [ "object", "anonymous" ],
    "id" : "237"
  }, {
    "range" : "74",
    "domain" : "22",
    "attributes" : [ "object", "anonymous" ],
    "id" : "238"
  }, {
    "range" : "74",
    "domain" : "56",
    "attributes" : [ "object", "anonymous" ],
    "id" : "239"
  }, {
    "range" : "131",
    "domain" : "60",
    "attributes" : [ "object", "anonymous" ],
    "id" : "240"
  }, {
    "range" : "170",
    "domain" : "168",
    "attributes" : [ "object", "anonymous" ],
    "id" : "241"
  }, {
    "range" : "8",
    "domain" : "63",
    "attributes" : [ "object", "anonymous" ],
    "id" : "242"
  }, {
    "range" : "6",
    "domain" : "63",
    "attributes" : [ "object", "anonymous" ],
    "id" : "243"
  }, {
    "range" : "10",
    "domain" : "35",
    "attributes" : [ "object", "anonymous" ],
    "id" : "244"
  }, {
    "range" : "1",
    "domain" : "35",
    "attributes" : [ "object", "anonymous" ],
    "id" : "245"
  }, {
    "range" : "33",
    "domain" : "63",
    "attributes" : [ "object", "anonymous" ],
    "id" : "246"
  }, {
    "range" : "4",
    "domain" : "63",
    "attributes" : [ "object", "anonymous" ],
    "id" : "247"
  }, {
    "range" : "2",
    "domain" : "63",
    "attributes" : [ "object", "anonymous" ],
    "id" : "248"
  }, {
    "range" : "44",
    "domain" : "119",
    "attributes" : [ "object", "anonymous" ],
    "id" : "249"
  }, {
    "range" : "54",
    "domain" : "119",
    "attributes" : [ "object", "anonymous" ],
    "id" : "250"
  }, {
    "range" : "29",
    "domain" : "119",
    "attributes" : [ "object", "anonymous" ],
    "id" : "251"
  }, {
    "range" : "30",
    "domain" : "119",
    "attributes" : [ "object", "anonymous" ],
    "id" : "252"
  }, {
    "iri" : "http://www.semanticweb.org/lisa/ontologies/2019/7/rap#has_topic",
    "inverse" : "219",
    "baseIri" : "http://www.semanticweb.org/lisa/ontologies/2019/7/rap",
    "range" : "74",
    "label" : {
      "IRI-based" : "has_topic",
      "undefined" : "has_topic"
    },
    "domain" : "29",
    "comment" : {
      "undefined" : "property that connects classes of the ontology to the class Topic."
    },
    "attributes" : [ "object", "functional" ],
    "id" : "253"
  }, {
    "range" : "102",
    "domain" : "119",
    "attributes" : [ "object", "anonymous" ],
    "id" : "254"
  }, {
    "range" : "56",
    "domain" : "119",
    "attributes" : [ "object", "anonymous" ],
    "id" : "255"
  }, {
    "iri" : "http://www.semanticweb.org/lisa/ontologies/2019/7/rap#has_literary_device",
    "inverse" : "180",
    "baseIri" : "http://www.semanticweb.org/lisa/ontologies/2019/7/rap",
    "range" : "44",
    "label" : {
      "IRI-based" : "has_literary_device",
      "undefined" : "has_literary_device"
    },
    "domain" : "29",
    "comment" : {
      "undefined" : "property that connects class Musical_Work to the class Literary_Device"
    },
    "attributes" : [ "object", "functional" ],
    "id" : "256"
  }, {
    "range" : "22",
    "domain" : "119",
    "attributes" : [ "object", "anonymous" ],
    "id" : "257"
  }, {
    "range" : "74",
    "domain" : "119",
    "attributes" : [ "object", "anonymous" ],
    "id" : "258"
  }, {
    "range" : "76",
    "domain" : "119",
    "attributes" : [ "object", "anonymous" ],
    "id" : "259"
  }, {
    "range" : "27",
    "domain" : "119",
    "attributes" : [ "object", "anonymous" ],
    "id" : "260"
  }, {
    "range" : "13",
    "domain" : "63",
    "attributes" : [ "object", "anonymous" ],
    "id" : "261"
  }, {
    "iri" : "http://xmlns.com/foaf/0.1/member",
    "baseIri" : "http://xmlns.com/foaf/0.1",
    "range" : "190",
    "label" : {
      "IRI-based" : "member",
      "undefined" : "foaf:member"
    },
    "domain" : "161",
    "comment" : {
      "undefined" : "a member of a music band."
    },
    "attributes" : [ "external", "datatype" ],
    "id" : "262"
  }, {
    "range" : "11",
    "domain" : "63",
    "attributes" : [ "object", "anonymous" ],
    "id" : "263"
  }, {
    "range" : "17",
    "domain" : "63",
    "attributes" : [ "object", "anonymous" ],
    "id" : "264"
  }, {
    "range" : "15",
    "domain" : "63",
    "attributes" : [ "object", "anonymous" ],
    "id" : "265"
  }, {
    "range" : "35",
    "domain" : "63",
    "attributes" : [ "object", "anonymous" ],
    "id" : "266"
  }, {
    "range" : "8",
    "domain" : "131",
    "attributes" : [ "object", "anonymous" ],
    "id" : "267"
  }, {
    "range" : "10",
    "domain" : "63",
    "attributes" : [ "object", "anonymous" ],
    "id" : "268"
  }, {
    "range" : "1",
    "domain" : "63",
    "attributes" : [ "object", "anonymous" ],
    "id" : "269"
  }, {
    "range" : "6",
    "domain" : "131",
    "attributes" : [ "object", "anonymous" ],
    "id" : "270"
  }, {
    "range" : "4",
    "domain" : "131",
    "attributes" : [ "object", "anonymous" ],
    "id" : "271"
  }, {
    "iri" : "http://xmlns.com/foaf/0.1/maker",
    "baseIri" : "http://xmlns.com/foaf/0.1",
    "range" : "188",
    "label" : {
      "IRI-based" : "maker",
      "undefined" : "foaf:maker"
    },
    "domain" : "186",
    "comment" : {
      "undefined" : "the creator of a musical work."
    },
    "attributes" : [ "external", "datatype" ],
    "id" : "272"
  }, {
    "range" : "2",
    "domain" : "131",
    "attributes" : [ "object", "anonymous" ],
    "id" : "273"
  }, {
    "range" : "15",
    "domain" : "131",
    "attributes" : [ "object", "anonymous" ],
    "id" : "274"
  }, {
    "range" : "13",
    "domain" : "131",
    "attributes" : [ "object", "anonymous" ],
    "id" : "275"
  }, {
    "range" : "33",
    "domain" : "131",
    "attributes" : [ "object", "anonymous" ],
    "id" : "276"
  }, {
    "range" : "17",
    "domain" : "131",
    "attributes" : [ "object", "anonymous" ],
    "id" : "277"
  } ]
}